[
  {
    "name": "index___en",
    "path": "/en",
    "component": "/Users/abdallahthabet/Documents/test_vue/pages/index.vue",
    "chunkName": "pages/index",
    "_name": "_34bfa074"
  },
  {
    "name": "test___ar",
    "path": "/test",
    "component": "/Users/abdallahthabet/Documents/test_vue/pages/test.vue",
    "chunkName": "pages/test",
    "_name": "_ea879564"
  },
  {
    "name": "tg___ar",
    "path": "/tg",
    "component": "/Users/abdallahthabet/Documents/test_vue/pages/tg.vue",
    "chunkName": "pages/tg",
    "_name": "_4720c0a2"
  },
  {
    "name": "test___en",
    "path": "/en/test",
    "component": "/Users/abdallahthabet/Documents/test_vue/pages/test.vue",
    "chunkName": "pages/test",
    "_name": "_ea879564"
  },
  {
    "name": "tg___en",
    "path": "/en/tg",
    "component": "/Users/abdallahthabet/Documents/test_vue/pages/tg.vue",
    "chunkName": "pages/tg",
    "_name": "_4720c0a2"
  },
  {
    "name": "index___ar",
    "path": "/",
    "component": "/Users/abdallahthabet/Documents/test_vue/pages/index.vue",
    "chunkName": "pages/index",
    "_name": "_34bfa074"
  }
]
